<?xml version="1.0" encoding="UTF-8"?>
<project-private xmlns="http://www.netbeans.org/ns/project-private/1">
    <editor-bookmarks xmlns="http://www.netbeans.org/ns/editor-bookmarks/2" lastBookmarkId="0"/>
    <open-files xmlns="http://www.netbeans.org/ns/projectui-open-files/2">
        <group>
            <file>file:/C:/Users/Paul%20Deitel/PersonalDrobox/Dropbox/books/2013/JHTP10/examples/ch30/SessionTracking/web/index.xhtml</file>
            <file>file:/C:/Users/Paul%20Deitel/PersonalDrobox/Dropbox/books/2013/JHTP10/examples/ch30/SessionTracking/web/recommendations.xhtml</file>
            <file>file:/C:/Users/Paul%20Deitel/PersonalDrobox/Dropbox/books/2013/JHTP10/examples/ch30/SessionTracking/src/java/sessiontracking/SelectionsBean.java</file>
        </group>
    </open-files>
</project-private>
